sample_id,AKT3,APC,ATM,CREBBP,EGFR,ERBB4,KRAS,MGA,PBRM1,PIK3CA,PTPRD,RB1,SMARCA4,STK11,TP53,TP53_status,tp53_group
P-0002794-T01-IM3,0,0,0,0,0,0,0,0,0,0,0,0,0,0,0,WT,TP53_WT
P-0005783-T02-IM6,1,1,1,1,0,1,1,1,1,0,1,1,1,0,1,Mut,TP53_LoF
P-0006713-T01-IM5,1,0,0,0,1,0,0,1,0,0,1,0,0,0,1,Mut,TP53_GoF_missense
P-0018763-T01-IM6,0,0,0,0,0,0,0,0,0,0,0,0,0,0,0,WT,TP53_WT
P-0018960-T01-IM6,0,0,0,1,0,1,1,0,0,0,0,0,1,1,0,WT,TP53_WT
P-0019098-T01-IM6,0,0,1,0,0,1,0,0,0,0,0,0,1,1,1,Mut,TP53_GoF_missense
P-0020140-T02-IM6,0,0,0,0,0,0,0,0,0,1,0,0,1,1,0,WT,TP53_WT
P-0020422-T01-IM6,0,0,0,0,0,0,0,1,0,0,1,0,0,1,1,Mut,TP53_LoF
P-0021266-T01-IM6,0,0,0,0,0,0,0,0,1,0,0,1,0,1,1,Mut,TP53_LoF
P-0022001-T01-IM6,0,0,0,0,0,0,0,0,0,0,0,0,0,0,0,WT,TP53_WT
P-0023926-T01-IM6,0,0,0,0,0,0,0,0,0,0,0,0,0,0,1,Mut,TP53_LoF
P-0025917-T02-IM6,0,1,0,1,0,1,1,0,0,0,0,0,0,0,0,WT,TP53_WT
P-0027733-T01-IM6,0,0,0,0,0,0,0,0,0,0,0,0,0,0,0,WT,TP53_WT
P-0028723-T01-IM6,0,0,0,0,0,0,1,0,0,0,0,0,0,0,1,Mut,TP53_GoF_missense
P-0033979-T01-IM6,0,0,0,0,0,0,0,0,0,0,0,0,0,0,0,WT,TP53_WT
P-0044186-T01-IM6,0,0,0,1,0,0,0,0,0,0,0,0,1,0,1,Mut,TP53_GoF_missense
P-0045298-T01-IM6,0,0,0,0,0,0,1,0,1,1,0,0,0,0,0,WT,TP53_WT
