Study ID	Patient ID	Sample ID	Age	Age at Which Sequencing was Reported (Years)	Albumin	ALK driver	ALK protein change	ARID1A driver	ARID1A protein change	BOR	BRAF driver	BRAF protein change	Cancer Type	Cancer Type Detailed	Clinically reported PD-L1 score	CT scan type	Cytology fixation type	Durable clinical response	Date of death	Disease	dNLR	Date of last drug administration	Drug start date	ECOG	EGFR driver	EGFR protein change	ERBB2 driver	ERBB2 protein change	Date of Last Contact	Fraction Genome Altered	Gene Panel	Halo tumor quality score	Histology	Was IMPACT done on the same tissue that PD-L1 IHC was done on?	Institute Source	IO drug name	Line of therapy	JS PD-L1 score	Manual tumor annotation	Metastatic Site	MET driver	MET protein change	MGMT Status	Monotherapy vs. Combination	MSI Comment	MSI Score	MSI Type	Mutation Count	Oncotree Code	Overall survival	Other Patient ID	Pack-year history	PD-L1 tissue site	PFS date	PFS Months	PFS Status	Primary Tumor Site	Clinical trial IRB	RET driver	RET protein change	ROS1 driver	ROS1 protein change	Sample Class	Number of Samples Per Patient	Sample coverage	Sample Type	Sex	What is the patient's smoking status?	Somatic Status	Status	STK11 driver	STK11 protein change	TMB	TMB (nonsynonymous)	Tumor Purity	Treatment Setting	Is the patient deceased?
lung_msk_mind_2020	P-0002794	P-0002794-T01-IM3	61	61	4.2	FALSE	NA	FALSE	NA	PR	FALSE	NA	Lung Adenocarcinoma	Lung Adenocarcinoma	70	CT chest/abdomen/pelvis	NA	NA	NA	NSCLC	3.3	23830	22504	2	FALSE	NA	FALSE	NA	23842	0.0001	IMPACT341	70	Adenocarcinoma	No	MSKCC	Nivolumab	2	70	No	Bone	FALSE	NA	NA	PD1 alone	NA	-1	Do not report	1	LUAD	NA	NA	5	lung	22955	14.8	1:PROGRESS	Lung	NA	FALSE	NA	FALSE	NA	Tumor	1	213	Metastasis	Female	Current smoker (within 6 months of diagnosis)	Unmatched	Included	FALSE	NA	1.1	1.109155301	20	SOC	No
lung_msk_mind_2020	P-0005783	P-0005783-T02-IM6	53	55	4.1	FALSE	L63I	FALSE	Q1552H	CR	FALSE	NA	Lung Adenocarcinoma	Lung Adenocarcinoma	0	CT chest	NA	NA	NA	NSCLC	2.3	19949	19585	0	FALSE	NA	FALSE	NA	20375	0.6344	IMPACT468	80	Adenocarcinoma	Yes	MSKCC	Nivolumab	3	0	No	Brain	FALSE	NA	NA	PD1 alone	MICROSATELLITE INSTABILITY-INDETERMINATE. See MSI note below.	3.09	Indeterminate	102	LUAD	NA	NA	10	brain	20280	22.8	0:CENSORED	Lung	NA	FALSE	AMP, S829I	FALSE	K1422N	Tumor	1	603	Metastasis	Female	Former smoker	Matched	Included	FALSE	NA	90.4	87.33450759	30	SOC	No
lung_msk_mind_2020	P-0006713	P-0006713-T01-IM5	52	53	4.6	FALSE	NA	TRUE	C2094Ffs*41 (driver)	SD	FALSE	NA	Lung Adenocarcinoma	Lung Adenocarcinoma	20	CT chest/abdomen/pelvis	NA	Durable clinical benefit	NA	NSCLC	1.5	19284	19044	1	FALSE	A24S	FALSE	NA	20342	0.5048	IMPACT410	NA	Adenocarcinoma	Yes	MSKCC	Pembrolizumab	2	NA	NA	Liver	FALSE	NA	NA	PD1 alone	MICROSATELLITE STABLE (MSS). See MSI note below.	2.96	Stable	46	LUAD	NA	NA	25	liver	19302	8.5	1:PROGRESS	Lung	NA	FALSE	H352P	FALSE	NA	Tumor	1	946	Metastasis	Female	Former smoker	Matched	Excluded	FALSE	NA	45.3	45.02110609	50	SOC	No
lung_msk_mind_2020	P-0018763	P-0018763-T01-IM6	83	82	3.6	FALSE	NA	FALSE	NA	POD	FALSE	NA	Lung Adenocarcinoma	Lung Adenocarcinoma	50	CT chest	NA	NA	NA	NSCLC	2.7	30444	30360	2	FALSE	NA	FALSE	NA	30750	0.0000	IMPACT468	95	Adenocarcinoma	Yes	MSKCC	Pembrolizumab	1	50	No	Lymph Node	FALSE	NA	NA	PD1 alone	NA	NA	NA	NA	LUAD	NA	NA	40	lymph node	30421	2	1:PROGRESS	Lung	NA	FALSE	NA	FALSE	NA	Tumor	1	1181	Metastasis	Male	Former smoker	Matched	Included	FALSE	NA	0	0	10	SOC	No
lung_msk_mind_2020	P-0018960	P-0018960-T01-IM6	59	60	3.6	FALSE	NA	FALSE	NA	POD/bone	FALSE	NA	Lung Adenocarcinoma	Lung Adenocarcinoma	10	CT chest/abdomen/pelvis	NA	NA	21802	NSCLC	4.2	21755	21755	1	FALSE	NA	FALSE	NA	21802	0.0636	IMPACT468	95	Adenocarcinoma	Yes	MSKCC	Pembrolizumab	2	0	No	Rib	FALSE	NA	NA	PD1 alone	NA	-1	Do not report	12	LUAD	1.5	NA	10	soft tissue (rib)	21775	0.7	1:PROGRESS	Lung	NA	FALSE	NA	FALSE	A1459V	Tumor	1	746	Metastasis	Female	Former smoker	Unmatched	Included	TRUE	E70* (driver)	10.5	10.37637714	40	SOC	Yes
lung_msk_mind_2020	P-0019098	P-0019098-T01-IM6	56	56	3.9	FALSE	G1473E	FALSE	NA	SD	FALSE	NA	Lung Adenocarcinoma	Lung Adenocarcinoma	0	CT chest/abdomen/pelvis	SSL	Durable clinical benefit	NA	NSCLC	4.1	21088	20740	1	FALSE	NA	FALSE	NA	21181	0.0457	IMPACT468	95	Adenocarcinoma	Yes	MSKCC	Atezolizumab	2	0	No	Lymph Node	FALSE	NA	NA	PD1 alone	MICROSATELLITE STABLE (MSS). This result is for investigational use only. See MSI note below.	0	Stable	30	LUAD	NA	NA	14.4	lymph node	21105	12	1:PROGRESS	Lung	NA	FALSE	NA	FALSE	NA	Tumor	1	705	Metastasis	Female	Former smoker	Matched	Included	TRUE	D176Tfs*111 (driver)	26.3	25.94094285	20	SOC	No
lung_msk_mind_2020	P-0020140	P-0020140-T02-IM6	72	74	3.7	FALSE	NA	FALSE	NA	POD	FALSE	NA	Lung Adenocarcinoma	Lung Adenocarcinoma	50	CT chest/abdomen/pelvis	NA	NA	26751	NSCLC	1.4	26630	26584	1	FALSE	NA	FALSE	NA	26751	0.0045	IMPACT468	NA	Adenocarcinoma	No	MSKCC	Pembrolizumab	1	NA	NA	Soft Tissue	FALSE	NA	NA	PD1 alone	MICROSATELLITE STABLE (MSS). See MSI note below.	0	Stable	11	LUAD	5.5	NA	165	lymph node	26655	2.3	1:PROGRESS	Lung	NA	FALSE	NA	FALSE	NA	Tumor	1	425	Metastasis	Male	Former smoker	Matched	Excluded	TRUE	E138Rfs*20 (driver)	9.7	9.511679045	70	SOC	Yes
lung_msk_mind_2020	P-0020422	P-0020422-T01-IM6	67	68	3.8	FALSE	NA	FALSE	NA	POD	FALSE	NA	Lung Adenocarcinoma	Lung Adenocarcinoma	0	CT chest	NA	NA	24628	NSCLC	2.1	24560	24539	1	FALSE	NA	FALSE	NA	24628	0.0443	IMPACT468	70	Adenocarcinoma	Yes	MSKCC	Atezolizumab	3	1	Yes	NA	FALSE	NA	NA	PD1 alone	MICROSATELLITE STABLE (MSS). This result is for investigational use only. See MSI note below.	0.14	Stable	31	LUAD	2.9	NA	12.25	lung	24581	1.4	1:PROGRESS	Lung	NA	FALSE	NA	FALSE	NA	Tumor	1	855	Unknown	Female	Former smoker	Matched	Included	TRUE	E138* (driver)	27.2	26.80564094	20	SOC	Yes
lung_msk_mind_2020	P-0021266	P-0021266-T01-IM6	54	55	4.3	FALSE	NA	FALSE	NA	CR	FALSE	NA	Lung Adenocarcinoma	Lung Adenocarcinoma	0	CT chest/abdomen/pelvis	NA	NA	20308	NSCLC	10	20140	19739	1	FALSE	NA	FALSE	NA	20308	0.3556	IMPACT468	95	Adenocarcinoma	Yes	MSKCC	Nivolumab	2	5	No	Brain	FALSE	NA	NA	PD1 alone	MICROSATELLITE STABLE (MSS). This result is for investigational use only. See MSI note below.	1.98	Stable	27	LUAD	18.7	NA	7.5	brain	20022	9.3	1:PROGRESS	Lung	NA	FALSE	NA	FALSE	NA	Tumor	1	503	Metastasis	Female	Former smoker	Matched	Included	TRUE	K84* (driver)	23.7	22.48215047	40	SOC	Yes
lung_msk_mind_2020	P-0022001	P-0022001-T01-IM6	67	68	3.4	FALSE	NA	FALSE	NA	POD	FALSE	NA	Lung Adenocarcinoma	Lung Adenocarcinoma	0	CT chest/abdomen/pelvis	NA	NA	24896	NSCLC	7.5	24715	24694	1	FALSE	NA	FALSE	NA	24896	0.0777	IMPACT468	95	Adenocarcinoma	Yes	MSKCC	Atezolizumab	2	0	No	Pleura	FALSE	NA	NA	PD1 alone	MICROSATELLITE STABLE (MSS). See MSI note below.	0	Stable	3	LUAD	6.6	NA	0	pleura	24732	1.2	1:PROGRESS	Lung	NA	FALSE	NA	FALSE	NA	Tumor	1	880	Metastasis	Female	Never smoker	Matched	Included	FALSE	NA	2.6	2.594094285	20	SOC	Yes
lung_msk_mind_2020	P-0023926	P-0023926-T01-IM6	69	69	2.8	FALSE	NA	FALSE	NA	POD/death	FALSE	NA	Lung Adenocarcinoma	Lung Adenocarcinoma	10	CT chest/abdomen/pelvis	NA	NA	25253	NSCLC	2.6	25229	25229	1	FALSE	NA	FALSE	NA	25253	0.4219	IMPACT468	95	NOS	Yes	MSKCC	Pembrolizumab	2	10	No	Liver	FALSE	NA	NA	PD1 alone	MICROSATELLITE STABLE (MSS). See MSI note below.	0.64	Stable	6	LUAD	0.8	NA	unk	liver	25253	0.8	1:PROGRESS	Lung	NA	FALSE	NA	FALSE	NA	Tumor	1	733	Metastasis	Female	Current smoker (within 6 months of diagnosis)	Matched	Included	FALSE	NA	5.3	6.052886665	30	SOC	Yes
lung_msk_mind_2020	P-0025917	P-0025917-T02-IM6	62	63	3.3	FALSE	NA	FALSE	NA	POD	FALSE	NA	Lung Adenocarcinoma	Lung Adenocarcinoma	0	CT chest/abdomen/pelvis	NA	NA	22908	NSCLC	13.8	22816	22773	2	FALSE	NA	FALSE	NA	22908	0.1477	IMPACT468	NA	Adenocarcinoma	Yes	MSKCC	Nivolumab	2	0	No	NA	FALSE	C584Wfs*10	NA	PD1 alone	MICROSATELLITE INSTABILITY-INDETERMINATE. See MSI note below.	5.06	Indeterminate	35	LUAD	4.4	NA	37	lung	22825	1.7	1:PROGRESS	Lung	NA	FALSE	NA	FALSE	P826L	Tumor	1	262	Primary	Female	Former smoker	Matched	Included	FALSE	STK11-intragenic	30.7	30.26443332	40	SOC	Yes
lung_msk_mind_2020	P-0027733	P-0027733-T01-IM6	86	88	3.5	FALSE	NA	FALSE	NA	CR	FALSE	NA	Lung Adenocarcinoma	Lung Adenocarcinoma	80	CT chest/abdomen/pelvis	NA	NA	32066	NSCLC	2.3	31778	31590	1	FALSE	NA	FALSE	NA	32066	0.0003	IMPACT468	95	Adenocarcinoma	Yes	MSKCC	Pembrolizumab	1	80	No	NA	FALSE	NA	NA	PD1 alone	MICROSATELLITE STABLE (MSS). See MSI note below.	0	Stable	NA	LUAD	15.6	NA	60	lung	32066	15.6	1:PROGRESS	Lung	NA	FALSE	NA	FALSE	NA	Tumor	1	492	Primary	Male	Former smoker	Matched	Included	FALSE	NA	0	0	10	SOC	Yes
lung_msk_mind_2020	P-0028723	P-0028723-T01-IM6	65	65	3.4	FALSE	NA	FALSE	NA	PR	FALSE	NA	Lung Adenocarcinoma	Lung Adenocarcinoma	100	CT chest	Formalin	NA	NA	NSCLC	2.4	24267	23742	1	FALSE	NA	FALSE	NA	24267	0.1098	IMPACT468	95	Adenocarcinoma	Yes	MSKCC	Pembrolizumab	1	95	No	Pleural Fluid	FALSE	NA	NA	PD1 alone	MICROSATELLITE STABLE (MSS). See MSI note below.	0.12	Stable	13	LUAD	NA	NA	40.5	pleural fluid	24197	14.9	0:CENSORED	Lung	NA	FALSE	NA	FALSE	NA	Tumor	1	570	Metastasis	Male	Former smoker	Matched	Included	FALSE	NA	11.4	11.24107523	50	SOC	No
lung_msk_mind_2020	P-0033979	P-0033979-T01-IM6	71	73	3	FALSE	NA	FALSE	NA	PR	FALSE	NA	Lung Adenocarcinoma	Lung Adenocarcinoma	0	CT chest/abdomen/pelvis	NA	NA	NA	NSCLC	5.1	26227	26199	1	FALSE	NA	FALSE	NA	26552	0	IMPACT468	95	Adenocarcinoma	Yes	MSKCC	Atezolizumab	2	0	No	NA	FALSE	NA	NA	PD1 alone	MICROSATELLITE STABLE (MSS). See MSI note below.	0	Stable	1	LUAD	NA	NA	62.5	lung	26339	4.6	1:PROGRESS	Lung	NA	FALSE	NA	FALSE	NA	Tumor	1	495	Primary	Female	Former smoker	Matched	Included	FALSE	NA	0.9	0.864698095	20	SOC	No
lung_msk_mind_2020	P-0044186	P-0044186-T01-IM6	65	68	4.1	FALSE	NA	FALSE	NA	PR	FALSE	NA	Lung Adenocarcinoma	Lung Adenocarcinoma	1	CT chest	NA	NA	NA	NSCLC	2.4	24000	23958	1	FALSE	NA	FALSE	NA	24570	0.0866	IMPACT468	95	Adenocarcinoma	Yes	MSKCC	Pembrolizumab	2	5	No	NA	FALSE	NA	NA	PD1 alone	MICROSATELLITE STABLE (MSS). See MSI note below.	0.05	Stable	14	LUAD	NA	NA	38	lung	24549	19.4	0:CENSORED	Lung	NA	FALSE	NA	FALSE	NA	Tumor	1	792	Primary	Male	Current smoker (within 6 months of diagnosis)	Matched	Included	FALSE	NA	12.3	12.10577333	40	SOC	No
lung_msk_mind_2020	P-0045298	P-0045298-T01-IM6	74	77	3.6	FALSE	NA	TRUE	D1850Gfs*4 (driver)	PR	FALSE	L185P	Lung Adenocarcinoma	Lung Adenocarcinoma	0	CT chest/abdomen/pelvis	NA	NA	NA	NSCLC	1.9	27680	27233	1	FALSE	NA	FALSE	NA	27691	0.1170	IMPACT468	95	Adenocarcinoma	Yes	MSKCC	Nivolumab	2	0	No	NA	FALSE	NA	NA	PD1 alone	MICROSATELLITE INSTABILITY-HIGH (MSI-H). See MSI note below.	13.28	Instable	34	LUAD	NA	NA	Cigars	lung	27619	12.7	0:CENSORED	Lung	NA	FALSE	R144L	FALSE	NA	Tumor	1	648	Primary	Male	Former smoker	Matched	Included	FALSE	NA	29.8	29.39973523	NA	SOC	No